{"0": 0.1597168503933154, "1": 0.6971177268384897, "2": 0.2627422916981035, "3": 0.45592887916403735, "4": 0.9301852381075341, "5": 0.0861700776594565, "6": 0.016805529233880456, "7": 0.29800885663227605, "8": 0.7257829454006628, "9": 0.05637642908447016}